{"best_val": 98.79312861939754, "best_val_biology": 93.97943374371356, "best_val_treebank_using_both": 92.75390529952796}