{"best_val": 92.75390529952796, "best_val_biology": 93.97943374371356, "best_val_treebank_using_both": 92.75390529952796}